mean_x;mean_y;mean_z;var_x;var_y;var_z;peak_to_peak_x;peak_to_peak_y;peak_to_peak_z;zero_crossings_x;zero_crossings_y;zero_crossings_z;Activity
78.45;-37.65;46.0;7320.81;1641.29;1117.63;296;129;113;2;7;1;JumpingJack
152.85;155.85;213.53;87711.53;19665.76;87770.88;1019;519;972;1;4;2;JumpingJack
32.72;41.73;-5.35;19004.6;38135.5;55380.13;498;858;1080;6;10;8;JumpingJack
-44.4;-27.58;-35.42;30123.51;26574.44;47526.41;651;725;835;6;14;2;JumpingJack
23.83;30.17;54.33;8928.34;7687.51;60044.59;409;452;1257;9;15;15;JumpingJack
-7.13;1.0;26.85;6184.98;8411.83;11872.73;313;397;562;9;13;13;JumpingJack
-20.83;13.38;-4.12;2039.41;1226.3;1116.04;179;173;164;8;8;20;JumpingJack
29.93;-9.83;-1.9;700.33;922.34;387.56;122;153;88;6;14;26;JumpingJack
-79.73;23.98;-10.52;4952.76;1176.65;1259.15;272;135;171;4;22;16;JumpingJack
81.85;-33.38;35.2;4084.46;3855.74;5233.09;215;249;326;8;9;13;JumpingJack
73.53;-16.23;33.82;19219.68;12938.08;8897.78;679;627;444;14;17;13;JumpingJack
-10.53;8.83;-4.52;7375.52;6723.84;5853.68;469;359;411;21;16;20;JumpingJack
-20.82;-11.38;1.57;23738.62;43933.74;42220.41;1000;1435;1420;15;15;17;JumpingJack
-13.55;2.95;5.43;733.41;648.91;439.28;123;110;87;10;16;13;JumpingJack
-41.78;15.98;-9.93;851.04;914.45;403.26;120;150;110;4;15;20;JumpingJack
-35.55;20.07;-34.92;2960.71;2648.13;973.08;255;221;146;10;16;10;JumpingJack
96.75;-40.22;46.73;4265.39;4466.77;6175.06;297;282;312;6;16;7;JumpingJack
65.92;-13.55;9.72;51258.94;9565.58;17396.27;938;461;710;16;21;15;JumpingJack
-11.2;9.25;-20.42;9564.19;4732.22;2876.34;503;301;243;18;16;18;JumpingJack
-18.72;-5.65;-3.12;2420.74;2265.76;523.54;222;258;127;15;14;22;JumpingJack
-13.78;6.83;-7.72;543.34;376.77;256.44;109;95;97;14;17;16;JumpingJack
-56.5;24.62;-22.03;2103.98;3269.1;1823.03;198;241;216;6;11;16;JumpingJack
46.02;-12.13;-25.17;9837.52;3930.05;3212.91;374;305;256;15;17;9;JumpingJack
81.55;-27.72;55.2;21888.28;24719.97;10172.29;831;854;478;9;17;11;JumpingJack
15.67;0.08;-14.98;40177.42;22633.61;34329.05;1060;870;896;16;19;18;JumpingJack
-8.98;2.38;-15.82;2009.55;2266.64;1978.25;226;209;213;17;17;19;JumpingJack
-8.1;0.13;-6.37;721.82;299.62;241.0;119;76;75;16;17;21;JumpingJack
-28.57;9.28;-14.9;790.55;390.14;539.76;122;82;116;14;18;12;JumpingJack
-31.47;15.93;-27.35;1480.02;1682.33;1139.93;179;182;141;12;20;18;JumpingJack
63.85;-15.77;-10.6;9112.36;4043.11;3568.17;412;271;266;15;25;13;JumpingJack
79.45;-31.15;48.02;25858.71;9744.19;10634.12;727;451;460;15;15;12;JumpingJack
-1.07;5.52;-26.45;9847.1;5731.12;4201.11;450;386;298;14;24;18;JumpingJack
-12.05;3.77;-18.92;7730.55;8083.58;7638.44;384;428;564;12;16;19;JumpingJack
-9.0;-3.13;-4.22;13017.8;12352.55;12896.24;647;685;699;11;11;12;JumpingJack
-50.03;16.02;-13.87;2494.27;1542.62;1005.75;197;163;189;4;14;21;JumpingJack
-25.07;12.98;-50.05;5128.46;5906.05;1437.71;312;344;152;13;14;14;JumpingJack
112.33;-38.87;54.52;7792.56;6018.78;8290.45;386;335;370;6;17;13;JumpingJack
49.67;-0.3;-4.63;58951.26;26205.28;21464.33;1025;705;673;16;21;22;JumpingJack
-20.55;-7.95;-20.58;10660.18;6350.25;5355.01;605;444;368;15;17;15;JumpingJack
-6.28;-4.88;-8.35;11133.54;11918.1;8577.33;612;610;499;10;15;15;JumpingJack
1.63;1.5;-7.47;422.13;465.38;302.02;80;83;78;14;14;18;JumpingJack
-31.25;16.85;-15.83;1493.95;1475.63;581.24;177;210;108;7;10;15;JumpingJack
-32.83;18.6;-42.78;3036.97;4021.84;1966.37;221;342;221;15;21;15;JumpingJack
88.78;-30.35;8.03;6612.8;9206.66;5559.93;312;389;353;10;20;17;JumpingJack
16.45;-3.32;14.35;3837.08;11175.15;3884.36;276;479;291;16;13;23;JumpingJack
68.67;-12.98;0.1;10213.79;12880.05;9697.36;464;583;475;16;21;15;JumpingJack
-24.53;-0.37;-21.97;6227.98;4301.07;3275.13;411;337;360;17;19;17;JumpingJack
0.72;-2.72;-11.23;2236.37;3152.07;1460.85;265;265;201;22;11;29;JumpingJack
-7.0;3.75;-10.8;1003.47;452.75;640.33;158;103;121;21;17;18;JumpingJack
-64.37;28.7;-24.75;2704.8;1963.28;3476.35;233;217;287;8;13;17;JumpingJack
37.43;-3.05;-38.9;12613.48;7490.91;5482.69;473;393;321;11;17;19;JumpingJack
101.03;-52.17;38.28;4903.27;7388.74;2852.7;297;393;241;4;12;14;JumpingJack
12.4;5.83;-22.47;37330.41;8989.27;9649.95;761;413;500;19;19;22;JumpingJack
-12.65;1.37;-18.33;4320.16;2254.8;1898.52;351;252;203;16;14;15;JumpingJack
-1.28;2.15;-13.07;2390.2;1161.49;1360.76;213;154;187;17;15;19;JumpingJack
9.55;-0.3;-8.32;1180.78;1285.94;514.55;158;166;108;13;16;21;JumpingJack
-20.4;13.25;-11.72;1598.01;461.02;528.84;229;112;113;21;16;12;JumpingJack
-66.8;31.73;-41.22;4996.13;3455.46;3214.44;298;284;225;6;11;13;JumpingJack
106.37;-40.63;8.07;12864.77;12387.63;10152.1;506;557;545;11;14;14;JumpingJack
83.52;-16.4;13.05;17907.18;10834.71;12823.01;649;502;546;12;19;15;JumpingJack
-20.23;11.68;-26.72;12483.88;9245.35;9765.1;573;456;459;22;18;21;JumpingJack
-8.35;-0.45;-12.92;1757.53;1580.21;1504.18;190;170;236;22;24;14;JumpingJack
1.63;0.47;-13.27;1569.43;741.12;591.33;227;121;145;16;13;14;JumpingJack
-33.68;22.12;-14.43;2589.25;1025.57;734.21;245;159;156;11;18;23;JumpingJack
-59.53;31.65;-60.08;7798.15;5107.63;3549.24;394;320;302;7;15;8;JumpingJack
133.7;-52.22;42.57;6834.84;8385.97;7894.51;313;365;406;4;13;16;JumpingJack
49.55;-3.53;-8.95;16641.45;11977.52;12363.91;511;573;468;13;26;20;JumpingJack
-10.78;4.95;-22.28;4512.44;3648.58;3364.84;368;284;330;25;19;19;JumpingJack
-8.6;3.88;-13.17;1338.77;671.47;497.47;206;98;119;23;15;13;JumpingJack
1.43;4.57;-11.45;1060.41;579.15;449.38;170;134;102;12;18;13;JumpingJack
-26.7;14.58;-14.95;2637.78;1307.01;2502.05;247;168;242;16;14;15;JumpingJack
-52.3;25.32;-36.52;5311.81;6126.95;2723.25;325;367;238;12;20;16;JumpingJack
108.73;-45.97;17.82;20426.63;11256.07;11260.88;548;457;425;6;15;10;JumpingJack
67.25;-14.05;4.02;13913.75;8053.88;6764.58;605;414;446;11;19;19;JumpingJack
-17.07;8.52;-27.43;14518.56;4351.88;5722.11;504;310;380;23;25;18;JumpingJack
1.13;5.7;-15.03;2549.85;1075.48;1148.23;232;160;163;17;15;20;JumpingJack
20.82;-6.23;-8.7;751.42;2001.18;730.11;141;215;112;18;11;14;JumpingJack
-12.25;1.53;42.18;60607.05;27581.82;19971.35;1434;926;717;11;12;11;JumpingJack
298.33;45.3;252.3;63528.02;480030.61;71730.54;1008;2700;949;3;3;6;JumpingJack
39.52;-3.63;21.65;3792.72;10428.9;3536.29;308;494;305;8;5;6;JumpingJack
17.85;36.53;6.85;667.33;1434.12;508.76;125;220;135;11;6;7;JumpingJack
-9.2;-8.6;13.5;627.93;2074.54;1180.52;170;265;232;15;7;9;JumpingJack
73.72;-23.97;49.72;10254.27;6592.3;6011.17;489;376;266;13;12;3;JumpingJack
51.93;55.35;-42.45;1930.16;7758.49;2804.65;179;305;191;3;2;5;JumpingJack
-2.22;86.62;66.63;26666.84;51278.5;40588.07;582;840;715;3;6;3;JumpingJack
9.08;11.42;96.02;26221.64;76001.68;97341.48;897;1913;1987;6;11;5;JumpingJack
9.33;3.12;-3.65;4586.82;10295.74;18992.43;282;504;693;8;9;10;JumpingJack
-32.9;19.48;12.67;3635.56;3490.65;4325.96;243;261;289;8;12;14;JumpingJack
-49.53;33.98;-29.5;3294.52;3589.05;1518.78;207;241;177;7;13;15;JumpingJack
78.38;-13.17;14.95;3361.6;2413.87;3499.31;242;218;237;3;15;17;JumpingJack
57.93;-29.58;63.78;8979.23;18220.61;3586.27;459;758;318;12;15;10;JumpingJack
16.57;9.72;2.47;7151.98;7050.24;3833.02;410;343;363;13;22;21;JumpingJack
-14.63;-3.58;2.58;1145.73;1121.24;789.44;167;175;123;18;21;17;JumpingJack
-11.48;-0.83;2.62;283.75;184.41;216.1;75;53;69;12;18;14;JumpingJack
-13.53;5.18;5.27;94.92;248.32;107.73;45;69;37;4;9;12;JumpingJack
-52.57;27.03;-8.47;1597.35;1855.17;839.08;264;262;210;8;8;18;JumpingJack
-26.35;24.62;-46.28;3440.96;6247.44;1726.9;266;346;179;13;12;10;JumpingJack
105.9;-50.23;44.75;5301.62;4814.95;5912.32;267;279;347;4;13;7;JumpingJack
77.43;-6.43;17.17;14417.55;11822.88;5861.84;548;647;388;11;21;17;JumpingJack
-36.25;2.03;-16.97;1935.89;1521.27;1142.6;248;156;137;13;15;14;JumpingJack
-7.77;0.22;-6.67;461.68;369.2;436.52;105;96;106;15;17;8;JumpingJack
-5.95;5.77;-3.25;335.58;177.11;103.42;72;65;44;5;16;12;JumpingJack
-53.83;24.6;-14.43;4507.04;7454.81;2974.35;316;459;298;7;12;18;JumpingJack
-7.65;24.1;-41.47;5048.73;5974.39;3179.95;308;350;243;15;20;12;JumpingJack
125.52;-62.52;64.58;10573.72;19316.12;10312.24;563;776;398;3;14;12;JumpingJack
17.53;11.68;-21.7;14156.45;9012.45;6533.48;510;406;360;18;16;17;JumpingJack
-10.75;0.55;-12.1;2192.75;1249.08;1135.72;263;201;161;15;15;15;JumpingJack
-10.0;4.43;-6.58;298.97;167.58;215.34;79;53;71;16;16;19;JumpingJack
5.88;0.43;-4.9;129.4;185.68;134.59;48;62;49;14;15;12;JumpingJack
-14.55;13.75;-8.32;1003.25;574.19;176.28;113;113;57;5;10;8;JumpingJack
-52.48;26.65;-25.17;1612.02;789.39;734.77;220;189;157;4;6;13;JumpingJack
53.67;3.78;-17.1;7802.56;6340.24;8259.59;384;518;407;11;19;15;JumpingJack
103.12;-33.2;50.95;14017.84;11888.69;11216.31;616;544;497;8;11;8;JumpingJack
-10.1;-1.33;-19.95;11687.46;7733.12;6476.75;589;436;429;20;14;15;JumpingJack
-0.98;6.63;-14.4;1547.15;4230.57;1051.64;164;337;164;18;12;12;JumpingJack
-10.0;6.08;-6.63;421.57;372.08;145.3;87;91;57;12;11;22;JumpingJack
-33.93;21.7;-9.87;888.96;384.51;182.38;94;77;59;7;8;11;JumpingJack
-42.95;28.55;-35.68;2598.71;3320.11;863.52;204;273;155;6;12;6;JumpingJack
87.65;-28.68;8.97;9478.83;6925.18;8614.07;407;378;417;11;20;14;JumpingJack
83.1;-10.72;1.88;22427.56;14343.3;13447.17;799;586;544;11;23;18;JumpingJack
-6.62;3.78;-10.15;8170.5;14897.2;24621.66;432;623;775;19;19;17;JumpingJack
-17.4;0.77;-12.88;1382.47;4058.81;1109.7;156;300;200;13;15;23;JumpingJack
-3.9;1.38;-9.15;561.62;1169.07;646.56;104;191;175;12;20;29;JumpingJack
-35.73;23.87;-13.7;1348.23;827.22;213.21;138;136;71;7;14;11;JumpingJack
-23.4;23.07;-34.1;3472.51;7509.1;1412.56;260;469;184;15;17;16;JumpingJack
64.18;-0.07;-32.77;5706.18;3849.4;4795.28;315;288;348;10;16;15;JumpingJack
72.13;-26.23;65.42;7373.02;19436.55;15851.54;401;661;580;14;15;14;JumpingJack
24.73;16.25;-33.55;11965.3;12350.09;17846.08;494;453;681;15;17;13;JumpingJack
-26.1;3.22;-17.85;1259.12;2073.0;1859.86;142;209;185;10;16;15;JumpingJack
4.05;1.93;-11.13;511.28;436.8;207.22;92;115;83;12;18;15;JumpingJack
-4.15;9.85;-13.2;285.93;123.69;63.26;106;53;32;14;14;6;JumpingJack
-46.45;24.5;-26.1;2122.45;5073.65;1210.82;279;367;174;8;8;14;JumpingJack
6.55;18.23;-50.65;3175.15;4394.51;1146.76;236;322;163;9;16;8;JumpingJack
120.52;-49.17;56.8;4235.85;5650.94;4551.53;294;311;350;2;13;13;JumpingJack
34.93;0.63;-20.98;28733.93;24580.43;10775.75;816;721;475;16;15;16;JumpingJack
-13.22;6.07;-19.53;1534.07;3955.53;959.38;176;443;165;15;16;14;JumpingJack
-9.87;2.32;-21.18;1026.72;435.68;364.58;160;100;107;13;19;11;JumpingJack
-7.9;12.08;-16.42;249.32;224.14;86.88;64;79;37;8;9;0;JumpingJack
-52.78;23.82;-39.03;2009.07;2277.75;919.43;179;188;125;9;10;6;JumpingJack
38.87;0.18;-41.9;4650.12;4631.52;1818.56;267;365;290;13;19;8;JumpingJack
111.42;-34.65;49.7;10067.94;8765.33;7057.21;661;503;539;6;11;12;JumpingJack
18.67;-3.73;-10.93;24251.92;42540.46;27466.73;725;1030;819;15;14;17;JumpingJack
-11.28;6.22;-34.62;2017.37;4727.54;2615.57;188;373;240;14;17;9;JumpingJack
-2.57;1.07;-12.95;919.55;1224.36;536.05;144;147;148;11;12;12;JumpingJack
-0.68;7.37;-11.67;462.68;313.13;62.62;96;89;35;7;17;7;JumpingJack
-52.47;25.05;-24.08;1437.48;1197.48;337.14;129;162;86;7;12;6;JumpingJack
-5.13;31.33;-53.45;2847.35;4978.36;1869.08;231;306;213;18;16;12;JumpingJack
101.83;-43.9;33.18;5100.14;4798.69;4803.92;298;320;293;3;15;13;JumpingJack
66.25;-9.72;0.32;16626.99;13422.37;5634.78;611;633;326;10;22;20;JumpingJack
-6.13;8.65;-31.22;2720.08;5065.59;1573.6;238;333;164;15;15;15;JumpingJack
-12.7;5.77;-17.13;575.41;1485.81;502.55;102;246;158;14;12;14;JumpingJack
2.23;4.08;-13.27;203.88;186.24;51.8;84;60;43;17;13;3;JumpingJack
-58.53;40.4;-33.65;1233.88;4962.27;1041.69;177;507;129;1;8;10;JumpingJack
19.1;15.25;-57.53;7315.59;6169.99;1299.65;365;365;176;9;16;5;JumpingJack
99.93;-49.03;35.13;6021.13;5174.1;4971.68;401;424;267;5;8;12;JumpingJack
64.75;8.8;13.68;35639.72;41936.69;51192.48;863;1081;1073;17;16;13;JumpingJack
-25.82;11.58;-36.73;2255.12;7067.24;2113.8;230;372;255;8;17;12;JumpingJack
-4.63;1.43;-15.78;523.13;858.98;385.2;107;154;126;8;22;20;JumpingJack
4.03;4.12;-12.68;199.5;223.17;86.88;60;73;42;15;21;6;JumpingJack
-35.37;24.2;-26.92;635.27;417.33;418.88;89;100;102;6;5;3;JumpingJack
-38.18;22.42;-51.95;2338.22;3833.78;2143.28;237;276;203;7;18;11;JumpingJack
112.37;-32.78;29.62;2689.77;3649.34;7302.8;234;283;315;1;17;10;JumpingJack
80.4;-13.95;0.55;21101.77;9622.95;9695.51;603;529;488;16;18;14;JumpingJack
-32.17;13.15;-32.25;3470.17;4193.99;2007.05;298;317;205;17;16;12;JumpingJack
-0.28;0.88;-14.75;927.04;836.6;260.92;167;126;112;12;11;14;JumpingJack
2.97;2.5;-14.88;453.2;484.85;173.3;92;87;67;13;14;7;JumpingJack
-22.67;15.9;-17.23;3185.29;1242.66;1232.88;205;158;207;12;7;15;JumpingJack
-26.08;12.9;-34.22;2044.88;2099.32;2014.67;199;217;213;14;20;12;JumpingJack
48.7;-0.62;-30.72;9487.11;2133.17;2972.17;344;224;308;6;26;11;JumpingJack
100.65;-42.87;54.35;7987.49;11483.82;4175.16;509;509;301;7;11;10;JumpingJack
-1.87;6.17;-40.15;7818.35;6496.04;4439.49;442;406;338;18;22;17;JumpingJack
6.87;-0.53;-20.1;1212.55;1516.65;833.46;160;201;129;8;19;15;JumpingJack
-0.92;-1.17;-13.62;740.58;546.17;270.2;100;98;76;12;16;12;JumpingJack
-7.57;-5.27;61.98;19804.65;6014.96;99793.85;778;484;2336;10;12;7;JumpingJack
120.1;147.48;111.9;21289.32;194857.92;238544.79;628;1786;2186;10;10;5;JumpingJack
153.47;-57.57;17.03;20111.22;10439.48;4253.87;589;526;254;6;5;7;JumpingJack
16.03;44.17;9.87;364.27;1038.57;625.25;85;128;97;8;4;9;JumpingJack
9.1;22.42;2.38;258.46;321.18;437.24;86;88;82;8;6;11;JumpingJack
-0.92;14.8;12.67;180.01;364.46;323.72;84;91;74;17;8;6;JumpingJack
2.88;9.92;12.08;211.07;482.34;417.14;121;155;153;15;9;4;JumpingJack
1.62;-1.13;4.88;54.64;156.52;68.57;37;78;35;18;17;13;JumpingJack
219.5;24.03;31.37;17167.28;25046.0;8346.97;501;516;286;1;1;2;JumpingJack
22.48;-19.6;224.07;5187.25;33710.34;37691.4;335;935;967;6;8;3;JumpingJack
2.73;-20.75;-16.3;5990.96;40447.59;13018.68;361;877;416;10;14;10;JumpingJack
-7.83;1.35;10.83;11258.91;7394.33;7187.24;385;401;438;9;15;8;JumpingJack
-78.92;45.07;-24.28;5743.74;3668.13;6696.27;489;261;541;7;12;10;JumpingJack
54.52;3.28;-10.45;6054.68;5210.54;6004.35;355;376;433;10;22;22;JumpingJack
68.78;-33.97;70.67;8164.2;8177.57;12805.42;404;454;778;11;16;10;JumpingJack
43.33;4.08;5.28;14270.19;13645.78;7198.67;587;607;415;15;19;14;JumpingJack
-23.58;4.82;3.93;5240.14;4325.62;2128.43;385;290;245;20;12;19;JumpingJack
-18.35;-0.2;6.27;945.36;1314.46;415.0;153;180;118;12;13;20;JumpingJack
-12.83;5.47;4.33;516.21;477.02;283.42;136;85;89;16;15;22;JumpingJack
-62.22;21.82;-22.78;2131.34;5987.48;1495.04;261;359;180;2;13;19;JumpingJack
20.8;8.42;-24.07;5508.99;2970.51;2273.63;307;241;223;18;15;23;JumpingJack
106.98;-50.23;50.68;7141.82;5010.45;4511.45;394;339;278;6;16;13;JumpingJack
18.12;4.95;-10.43;51552.74;16786.61;13451.78;834;597;525;14;16;19;JumpingJack
-1.4;-6.93;0.18;65945.91;37055.16;69631.02;1311;915;1335;12;12;11;JumpingJack
-18.93;4.05;-5.63;5833.7;4378.51;3484.6;410;310;342;10;16;12;JumpingJack
-10.75;6.23;-6.32;398.05;311.45;549.12;94;77;99;15;8;16;JumpingJack
-67.78;20.28;-14.78;1950.9;1252.7;892.64;189;154;143;6;17;18;JumpingJack
38.35;10.93;-35.37;4567.49;5622.6;1536.83;311;315;160;12;12;15;JumpingJack
58.55;-34.67;32.12;4811.85;4705.06;5389.27;286;341;324;11;12;11;JumpingJack
63.82;-8.77;37.38;21209.08;15753.75;24620.47;817;642;909;11;15;16;JumpingJack
-5.77;-6.3;-27.52;13625.41;28971.21;75747.12;464;823;1787;11;16;12;JumpingJack
-6.27;3.92;-10.32;1532.0;1300.11;1612.62;169;183;205;12;24;20;JumpingJack
-19.03;4.67;-4.3;733.9;769.32;197.51;107;121;65;10;18;19;JumpingJack
-38.8;12.47;-10.07;1968.93;1465.68;574.0;178;176;102;5;11;22;JumpingJack
-23.75;14.07;-30.78;2836.49;4043.13;1384.24;218;302;159;15;15;19;JumpingJack
88.72;-36.17;35.17;3816.37;3536.21;4000.17;262;258;223;7;13;13;JumpingJack
70.9;-7.53;18.37;17407.59;8750.85;4836.67;768;478;341;11;15;17;JumpingJack
-15.62;1.55;-21.42;6515.54;5005.11;4161.54;419;285;331;17;21;19;JumpingJack
-15.72;-2.42;-5.33;776.17;1084.81;432.62;125;156;92;16;16;19;JumpingJack
-7.25;0.03;-3.83;647.39;585.47;472.17;139;105;117;16;25;26;JumpingJack
-67.03;24.12;-25.97;1675.83;2175.77;882.3;185;332;157;4;10;16;JumpingJack
24.65;4.23;-37.05;4331.03;4109.78;2357.15;286;286;305;14;17;13;JumpingJack
73.48;-32.4;44.67;7007.45;5083.17;8005.29;381;362;555;8;14;15;JumpingJack
74.92;-11.77;16.35;17206.51;22044.55;17812.46;676;697;662;12;17;17;JumpingJack
-22.28;8.47;-25.45;3240.57;5936.88;3387.08;289;375;250;19;17;14;JumpingJack
-13.97;1.03;-8.78;2212.33;1454.03;1257.17;249;167;208;13;18;22;JumpingJack
5.72;-2.83;-5.55;301.2;395.01;370.31;87;102;84;19;20;16;JumpingJack
-10.82;7.63;-7.53;592.05;192.0;190.15;133;70;84;18;20;20;JumpingJack
-66.48;37.02;-31.53;8798.88;5743.35;6249.02;506;477;422;10;14;13;JumpingJack
83.18;-20.45;-3.65;30386.18;8598.41;22997.56;572;469;696;11;16;12;JumpingJack
97.73;-24.02;24.72;14713.06;14720.08;6688.64;645;596;426;8;24;19;JumpingJack
-14.08;4.97;-26.4;11869.24;11849.4;6710.61;504;596;384;18;13;14;JumpingJack
-14.53;1.85;-17.15;1783.25;4480.93;1739.96;204;312;196;16;17;17;JumpingJack
-5.82;4.78;-9.37;572.22;683.17;215.3;93;125;68;10;13;10;JumpingJack
-26.87;18.32;-16.68;1218.55;888.98;661.58;157;141;129;7;10;21;JumpingJack
-57.37;29.75;-55.4;8569.43;4909.95;4291.71;429;285;361;11;19;15;JumpingJack
121.97;-50.37;31.3;8555.03;7770.4;6003.34;390;413;373;7;15;12;JumpingJack
58.67;-5.75;5.6;16272.09;8817.82;7039.44;592;382;390;11;16;20;JumpingJack
-7.13;2.83;-26.92;7963.48;2516.61;4231.98;472;268;273;17;21;22;JumpingJack
-5.68;-0.67;-12.78;1444.28;1287.32;1106.47;167;172;210;14;16;18;JumpingJack
-5.63;3.15;-10.4;628.0;484.29;205.24;122;103;71;12;17;18;JumpingJack
-39.88;14.75;-16.43;3751.0;967.85;919.45;304;155;161;12;9;18;JumpingJack
-32.12;27.57;-52.27;8087.74;4191.05;4500.53;405;256;301;15;15;15;JumpingJack
113.15;-55.33;25.82;3503.43;6307.92;3682.72;234;350;230;0;16;13;JumpingJack
65.03;-2.28;-0.57;11813.37;8015.84;4062.05;409;439;277;15;22;21;JumpingJack
-19.17;5.33;-21.13;4818.47;2481.39;3733.12;356;260;315;19;23;20;JumpingJack
10.55;-6.92;-17.78;1174.78;1542.44;709.27;180;181;137;8;13;12;JumpingJack
-20.93;7.82;18.68;36975.93;20815.82;14283.58;1155;896;692;7;10;16;JumpingJack
270.47;61.57;224.92;89363.28;541490.91;104016.74;1313;3126;1181;4;6;5;JumpingJack
108.02;-96.4;45.3;27015.25;26112.24;12529.98;664;711;441;7;8;4;JumpingJack
18.52;49.95;14.53;767.58;1127.68;1477.35;127;139;180;8;4;7;JumpingJack
14.4;18.98;1.63;578.81;372.12;530.47;146;84;92;8;6;7;JumpingJack
3.08;3.55;10.88;457.78;560.71;335.04;136;128;107;15;16;9;JumpingJack
-3.77;-0.07;16.83;465.75;1376.5;661.21;178;213;158;16;17;3;JumpingJack
2.7;7.13;-4.13;64.65;117.16;402.29;27;39;65;3;5;4;JumpingJack
-16.53;-11.93;1039.75;0.25;0.16;2.72;1;2;8;0;0;0;Plank
-16.38;-11.58;1039.47;0.24;0.24;0.72;1;1;3;0;0;0;Plank
-16.47;-11.53;1039.72;0.25;0.25;0.44;1;1;3;0;0;0;Plank
-16.4;-11.48;1039.8;0.24;0.25;0.19;1;1;2;0;0;0;Plank
-16.5;-11.5;1039.3;0.25;0.25;0.44;1;1;3;0;0;0;Plank
-16.42;-11.58;1039.6;0.24;0.24;0.34;1;1;3;0;0;0;Plank
-16.42;-11.65;1039.57;0.24;0.23;0.31;1;1;3;0;0;0;Plank
-16.5;-11.9;1038.87;0.25;0.16;0.72;1;2;5;0;0;0;Plank
-16.45;-12.17;1039.57;0.25;0.14;0.75;1;1;4;0;0;0;Plank
-16.5;-12.15;1039.0;0.25;0.33;18.33;1;4;39;0;0;0;Plank
-16.57;-11.87;1038.53;0.25;0.15;7.22;1;2;23;0;0;0;Plank
-16.55;-11.97;1038.8;0.28;0.1;1.66;2;2;10;0;0;0;Plank
-16.42;-11.93;1039.18;0.24;0.06;0.45;1;1;3;0;0;0;Plank
-16.43;-12.02;1039.03;0.25;0.15;3.87;1;2;14;0;0;0;Plank
-16.45;-11.83;1038.9;0.25;0.14;1.12;1;1;5;0;0;0;Plank
-16.35;-11.93;1038.52;0.26;0.06;0.48;2;1;3;0;0;0;Plank
35.35;61.1;381.18;5382.33;10653.02;865709.78;157;227;1979;1;1;1;Plank
139.22;205.68;-934.48;0.2;0.72;1.48;2;4;7;0;0;0;Plank
139.35;203.42;-934.88;0.73;16.18;12.54;4;26;24;0;0;0;Plank
139.37;201.53;-935.18;0.33;1.32;1.45;2;6;5;0;0;0;Plank
139.43;200.32;-935.32;0.41;3.48;6.18;3;9;12;0;0;0;Plank
139.55;199.65;-935.65;0.28;1.36;1.16;2;7;7;0;0;0;Plank
139.63;199.02;-935.62;0.23;0.65;1.57;1;3;5;0;0;0;Plank
139.73;198.75;-935.75;0.2;0.65;1.89;1;4;9;0;0;0;Plank
139.92;197.72;-935.85;0.48;4.37;15.56;4;14;36;0;0;0;Plank
139.92;197.35;-935.95;0.11;0.29;0.41;2;3;2;0;0;0;Plank
140.37;196.73;-936.05;0.4;1.8;4.51;3;7;15;0;0;0;Plank
140.27;196.05;-936.3;0.4;6.11;7.74;3;15;17;0;0;0;Plank
140.37;195.25;-936.6;0.37;4.55;3.61;3;12;14;0;0;0;Plank
140.33;194.63;-936.57;0.26;1.37;5.35;2;6;16;0;0;0;Plank
140.22;194.33;-936.75;0.27;2.12;2.79;2;7;8;0;0;0;Plank
140.18;193.67;-937.02;0.18;2.69;8.62;2;11;27;0;0;0;Plank
140.1;193.48;-937.72;0.09;0.25;0.37;1;1;3;0;0;0;Plank
-624.37;58.45;-289.08;292206.8;9099.08;210222.78;1152;203;977;1;1;1;Plank
-1006.7;-8.98;35.32;1.24;0.02;1.15;6;1;8;0;0;0;Plank
-1006.7;-8.95;38.22;2.68;0.05;0.37;12;1;3;0;0;0;Plank
-1006.58;-8.95;37.53;5.38;0.15;1.75;19;2;8;0;0;0;Plank
-1006.75;-9.03;37.65;3.29;0.07;0.29;14;2;2;0;0;0;Plank
-1006.62;-9.0;37.85;6.47;0.07;0.53;15;2;4;0;0;0;Plank
-1006.57;-9.02;37.7;7.35;0.05;1.18;20;2;7;0;0;0;Plank
-1006.58;-8.98;36.95;0.81;0.02;0.31;5;1;2;0;0;0;Plank
-1006.72;-9.0;36.75;2.24;0.1;0.45;7;2;4;0;0;0;Plank
-1006.67;-9.03;37.33;2.52;0.03;0.36;7;1;2;0;0;0;Plank
-1006.63;-9.03;36.65;0.73;0.03;0.36;6;1;2;0;0;0;Plank
-1006.63;-8.98;37.13;0.33;0.08;0.15;2;2;2;0;0;0;Plank
-1006.6;-8.93;37.32;0.24;0.06;0.28;1;1;2;0;0;0;Plank
-1006.6;-9.0;37.27;0.64;0.07;0.26;5;2;2;0;0;0;Plank
-1006.58;-8.98;37.62;0.31;0.02;0.34;3;1;2;0;0;0;Plank
-1006.53;-8.98;39.62;5.15;0.05;0.64;20;2;4;0;0;0;Plank
-1006.6;-8.93;38.88;0.24;0.1;0.17;1;2;2;0;0;0;Plank
-5.9;980.77;40.83;0.16;3.05;0.27;2;13;2;0;0;0;Plank
-5.83;980.82;40.22;0.14;0.15;0.17;1;1;1;0;0;0;Plank
-5.83;980.85;40.27;0.14;0.13;0.2;1;1;1;0;0;0;Plank
-5.8;980.85;40.47;0.16;0.23;0.25;1;2;1;0;0;0;Plank
-5.88;980.9;40.18;0.14;0.09;0.15;2;1;1;0;0;0;Plank
-5.8;980.82;40.1;0.19;0.32;0.12;2;2;2;0;0;0;Plank
-5.82;980.93;40.08;0.15;0.06;0.08;1;1;1;0;0;0;Plank
-5.82;980.87;40.23;0.15;0.12;0.18;1;1;1;0;0;0;Plank
-5.78;980.95;40.5;0.17;0.05;0.25;1;1;1;0;0;0;Plank
-5.8;980.9;40.62;0.16;0.12;0.24;1;2;1;0;0;0;Plank
-5.83;980.88;40.85;0.14;10.5;0.43;1;24;4;0;0;0;Plank
-5.85;980.88;40.75;0.13;5.27;0.29;1;18;3;0;0;0;Plank
-5.88;980.95;41.02;0.1;2.38;0.18;1;11;2;0;0;0;Plank
-5.87;980.78;40.93;0.15;5.57;0.33;2;17;3;0;0;0;Plank
-5.83;980.95;41.32;0.37;82.68;2.55;2;52;9;0;0;0;Plank
-5.77;980.62;41.57;0.21;22.07;0.51;2;25;4;0;0;0;Plank
324.72;647.97;55.22;218417.5;221717.03;396.87;995;1026;46;1;1;0;Plank
985.82;-17.98;83.1;0.52;0.02;0.32;4;1;2;0;0;0;Plank
985.8;-17.95;83.52;1.49;0.15;0.35;7;2;3;0;0;0;Plank
985.83;-17.98;83.6;0.34;0.05;0.24;3;2;1;0;0;0;Plank
985.83;-17.95;83.4;0.24;0.08;0.24;2;2;1;0;0;0;Plank
985.87;-17.9;83.62;0.32;0.09;0.24;2;1;1;0;0;0;Plank
985.88;-17.93;83.6;0.2;0.06;0.24;2;1;1;0;0;0;Plank
985.82;-17.97;83.43;0.15;0.07;0.25;1;2;1;0;0;0;Plank
985.83;-17.92;83.38;0.87;0.08;0.3;6;1;2;0;0;0;Plank
985.77;-17.85;83.62;4.41;0.23;0.4;14;2;3;0;0;0;Plank
985.9;-17.8;83.7;1.66;0.16;0.28;8;1;2;0;0;0;Plank
985.8;-17.85;82.87;0.59;0.13;0.28;4;1;2;0;0;0;Plank
985.77;-17.78;82.63;7.51;0.44;0.47;13;4;3;0;0;0;Plank
985.83;-17.75;82.8;77.81;0.89;3.46;76;6;14;0;0;0;Plank
986.02;-17.53;83.12;48.88;1.88;7.24;63;10;23;0;0;0;Plank
985.7;-17.48;82.5;13.88;1.18;3.42;24;6;13;0;0;0;Plank
985.93;-17.4;82.63;357.6;4.57;25.9;135;12;32;0;0;0;Plank
657.38;391.37;458.17;54086.9;83978.37;71212.77;549;687;633;0;1;0;Plank
440.68;590.03;685.97;4816.65;7443.87;6979.7;301;442;403;0;0;0;Plank
447.68;547.13;726.4;1462.12;3607.08;2827.97;174;284;236;0;0;0;Plank
441.07;539.25;733.73;469.36;2505.79;1330.2;82;210;183;0;0;0;Plank
440.28;542.5;730.0;2007.47;2986.05;913.87;222;259;149;0;0;0;Plank
447.62;493.07;761.42;5834.3;4795.53;5037.88;347;307;408;0;0;0;Plank
106.88;46.77;973.32;41391.67;71439.71;10346.15;770;857;484;10;3;0;Plank
86.87;22.03;977.5;21306.32;94660.73;15273.08;623;1072;674;8;3;0;Plank
-77.58;177.6;1016.27;674.71;1963.07;1867.3;149;191;222;0;0;0;Plank
-23.58;75.55;1032.48;3374.84;3638.95;4075.05;280;316;358;16;14;0;Plank
247.33;-198.62;957.35;28662.32;30859.37;9811.39;546;577;369;7;8;0;Plank
423.13;-430.7;835.48;487.95;547.08;579.78;99;115;105;0;0;0;Plank
176.48;72.88;1001.78;4904.42;25006.07;1391.74;268;567;158;0;1;0;Plank
154.78;75.55;1021.97;129.9;600.75;640.9;52;111;93;0;0;0;Plank
199.92;-82.72;1008.77;1267.91;12099.6;1147.68;115;319;140;0;1;0;Plank
202.0;-205.6;996.08;423.07;794.34;654.48;103;155;140;0;0;0;Plank
199.13;-204.05;998.45;26.32;49.68;52.71;25;31;27;0;0;0;Plank
-228.42;-512.97;835.37;6695.04;6798.83;27756.1;419;511;1135;0;0;2;Plank
-272.75;-507.97;867.17;4005.85;4749.0;11071.67;291;264;485;0;0;0;Plank
-188.43;-421.63;928.72;2699.08;2391.3;7728.24;286;219;611;0;0;0;Plank
-474.32;-429.63;672.57;96508.18;9849.9;107709.01;948;384;1059;2;0;0;Plank
-883.33;-488.43;-16.35;971.36;2653.35;2957.89;137;183;215;0;0;4;Plank
-927.28;-399.5;-20.33;65.3;73.45;85.59;41;38;40;0;0;0;Plank
-966.87;-267.17;81.55;1743.18;6048.67;5800.88;245;296;222;0;0;7;Plank
-974.63;-245.23;130.28;61.37;15.28;41.87;45;18;29;0;0;0;Plank
-985.48;-160.22;156.75;1425.38;5161.2;834.09;256;190;109;0;0;0;Plank
-992.53;-128.87;155.27;110.65;101.78;144.43;47;46;63;0;0;0;Plank
-992.02;-114.7;179.78;786.45;274.31;891.77;143;60;145;0;0;0;Plank
-980.22;-158.97;205.22;1262.4;1582.37;8094.57;172;231;371;0;0;0;Plank
-741.63;-193.22;600.13;50205.73;5785.8;59630.58;788;337;814;0;0;0;Plank
83.33;12.28;1006.05;53950.39;17514.64;9236.15;867;759;474;3;17;0;Plank
186.22;42.02;1011.5;754.64;12087.65;1732.22;138;369;160;0;5;0;Plank
173.38;-107.62;1016.73;168.37;817.17;222.93;79;110;79;0;0;0;Plank
74.72;47.85;963.15;9516.64;119142.29;5918.59;391;993;314;4;1;0;Plank
-75.48;584.25;834.83;71.12;566.89;127.24;38;177;78;0;0;0;Plank
-40.32;649.43;781.37;1424.22;4057.91;2195.63;200;376;305;4;0;0;Plank
-108.95;468.12;901.88;2834.38;9579.64;7988.04;275;402;505;2;0;0;Plank
-64.27;473.78;908.48;244.56;1289.0;1323.42;91;189;247;0;0;0;Plank
-92.17;434.5;921.77;5264.87;8608.95;4172.28;370;372;317;4;0;0;Plank
-69.88;449.55;924.47;3934.77;6656.18;6819.55;334;474;640;6;0;0;Plank
-71.07;467.42;912.07;268.36;854.98;1285.93;100;183;215;0;0;0;Plank
-69.33;466.32;913.57;128.79;784.48;1095.91;53;167;195;0;0;0;Plank
-62.5;497.3;894.78;303.42;795.81;2648.64;82;169;270;0;0;0;Plank
-65.15;489.38;901.72;96.69;482.57;921.0;47;116;165;0;0;0;Plank
-66.8;477.25;907.42;119.13;446.92;948.48;61;132;156;0;0;0;Plank
-66.75;467.08;912.6;101.82;418.68;788.81;50;106;130;0;0;0;Plank
-65.18;459.08;917.87;235.55;774.41;1321.75;121;188;188;0;0;0;Plank
-73.92;408.98;942.0;2421.81;854.78;1138.97;325;129;165;2;0;0;Plank
-72.45;415.2;939.07;479.98;601.76;1024.2;123;121;199;0;0;0;Plank
-87.95;454.87;917.18;929.08;1583.58;752.95;123;158;122;0;0;0;Plank
-0.33;660.18;733.77;16989.09;24922.58;21240.85;535;570;473;2;0;0;Plank
-787.48;500.75;204.98;41997.78;32491.62;18461.05;809;735;496;0;0;0;Plank
-865.33;471.22;124.03;12533.99;15365.84;5158.07;409;341;308;0;0;0;Plank
-699.57;592.38;400.13;5511.71;4108.17;3600.62;265;279;248;0;0;0;Plank
-748.05;570.02;362.83;292.45;605.28;206.37;88;111;82;0;0;0;Plank
-733.87;588.02;361.18;25.28;72.02;15.88;33;59;22;0;0;0;Plank
-728.67;590.9;366.75;46.22;130.92;58.29;44;58;31;0;0;0;Plank
-618.78;682.73;315.58;19634.3;11864.0;29224.41;480;343;677;0;0;1;Plank
-701.68;653.72;199.97;8430.92;10871.0;21917.53;354;441;484;0;0;7;Plank
-728.37;537.93;460.88;1230.43;925.53;564.7;166;160;105;0;0;0;Plank
-717.55;542.9;462.82;22.28;24.76;51.02;26;27;31;0;0;0;Plank
-722.7;549.45;445.03;21.11;30.91;52.37;32;30;41;0;0;0;Plank
-715.38;502.4;511.53;3002.8;4775.77;9731.65;290;281;467;0;0;0;Plank
-656.48;426.57;648.6;956.85;629.21;1163.27;134;127;222;0;0;0;Plank
-605.88;482.98;667.37;3249.87;3382.95;5028.27;344;335;358;0;0;0;Plank
-597.53;500.25;658.65;996.88;1745.49;2486.09;165;203;255;0;0;0;Plank
-697.98;516.42;528.72;5792.08;3725.08;12917.87;292;255;408;0;0;0;Plank
-127.38;405.9;933.65;6618.64;15847.39;15304.89;480;579;649;2;0;0;Plank
-111.1;360.47;963.25;4798.06;6204.68;11437.85;283;367;574;4;0;0;Plank
-102.35;353.63;960.75;2277.69;3873.1;7835.19;236;302;556;0;0;0;Plank
-74.65;380.62;959.28;5213.26;2794.7;2146.7;303;247;188;10;0;0;Plank
-103.23;393.18;954.48;5744.95;2751.05;1885.05;326;233;227;4;0;0;Plank
-441.02;628.12;431.45;223156.05;43399.07;41092.75;1416;941;899;3;0;0;Plank
-294.3;414.3;856.8;13999.04;13911.78;8161.56;702;451;515;0;0;0;Plank
-645.68;496.7;221.53;112268.98;40790.14;152306.85;1014;753;1321;0;0;3;Plank
-714.95;231.82;-583.03;22386.21;13583.98;33187.5;474;510;566;0;2;0;Plank
-439.02;1.2;-872.42;1093.22;2191.56;2144.14;175;313;266;0;13;0;Plank
-417.53;3.53;-882.82;670.98;5038.08;604.92;136;316;141;0;6;0;Plank
-427.53;54.32;-876.88;16.15;34.25;25.3;16;30;23;0;0;0;Plank
-435.0;183.02;-844.67;501.47;17101.55;2246.72;133;374;194;0;0;0;Plank
-413.45;307.73;-825.63;82.91;660.56;234.6;40;98;73;0;0;0;Plank
-428.77;149.28;-862.67;236.58;2580.3;466.69;70;217;89;0;0;0;Plank
-414.43;117.8;-876.82;13.55;75.69;30.88;19;40;25;0;0;0;Plank
-317.02;129.35;-230.85;24138.42;3610.29;799891.79;419;398;2017;0;2;1;Plank
-104.28;176.87;1017.05;50.54;689.35;24.65;33;114;26;0;0;0;Plank
-92.17;288.85;986.83;7007.27;12322.46;6553.44;467;566;575;4;2;0;Plank
-93.27;378.27;955.08;86.8;444.36;258.31;41;108;111;0;0;0;Plank
-94.1;390.55;948.27;51.46;673.45;140.93;42;129;71;0;0;0;Plank
-92.38;397.22;946.1;159.4;1436.7;416.52;67;173;123;0;0;0;Plank
-93.78;377.58;955.07;52.57;441.98;163.8;39;88;95;0;0;0;Plank
-107.9;352.92;966.72;786.86;607.58;488.2;140;135;143;0;0;0;Plank
-157.75;204.5;999.37;11681.05;5787.92;2154.2;532;492;329;6;2;0;Plank
-102.07;293.05;985.37;1269.36;1164.85;413.93;165;170;102;2;0;0;Plank
-118.1;346.02;962.6;4758.22;2617.05;1313.24;262;244;191;0;0;0;Plank
-174.4;374.2;945.42;1248.34;225.33;457.64;122;83;166;0;0;0;Plank
-148.5;384.85;945.2;33.92;16.73;16.39;26;21;21;0;0;0;Plank
-151.5;385.62;944.5;11.68;3.84;6.42;17;8;12;0;0;0;Plank
-145.25;387.52;944.55;33.12;99.32;57.05;25;96;61;0;0;0;Plank
-140.67;390.32;944.17;54.59;55.65;25.57;28;41;34;0;0;0;Plank
-120.3;413.43;936.6;238.98;214.15;22.17;60;54;23;0;0;0;Plank
-89.43;409.08;940.77;87.41;266.24;80.18;55;79;45;0;0;0;Plank
-84.87;413.32;940.28;19.85;29.52;16.0;24;24;21;0;0;0;Plank
-95.05;400.97;944.8;12.31;10.5;5.03;21;18;13;0;0;0;Plank
-95.63;399.7;945.9;3.97;1.94;2.02;7;7;7;0;0;0;Plank
-89.4;401.58;945.18;41.71;27.68;10.15;27;33;17;0;0;0;Plank
-95.65;389.18;949.35;69.76;50.75;12.59;41;35;20;0;0;0;Plank
-91.83;391.42;949.82;43.91;14.48;21.92;30;20;31;0;0;0;Plank
-89.12;393.08;949.22;6.7;3.91;2.67;10;7;7;0;0;0;Plank
-94.62;393.78;948.72;27.64;2.1;3.74;19;7;7;0;0;0;Plank
-95.45;393.0;948.67;23.18;9.33;21.62;29;16;29;0;0;0;Plank
-100.08;392.68;948.27;103.84;47.55;45.06;53;42;39;0;0;0;Plank
-108.12;403.0;942.47;854.37;564.53;270.38;144;139;90;0;0;0;Plank
-47.75;399.77;949.4;228.02;361.91;155.07;90;106;61;0;0;0;Plank
-82.05;383.42;952.43;987.28;973.04;378.68;176;161;108;0;0;0;Plank
-96.12;292.33;988.2;606.17;2224.39;993.36;120;158;176;0;0;0;Plank
-72.78;352.67;967.7;17.27;8.89;15.88;16;16;20;0;0;0;Plank
-68.95;360.52;965.05;6.51;18.28;20.41;14;19;21;0;0;0;Plank
-67.98;362.35;964.45;6.55;23.33;18.41;12;24;21;0;0;0;Plank
-25.48;401.48;945.02;2014.72;5570.35;2824.15;170;355;272;13;0;0;Plank
166.48;505.87;840.27;15799.45;16909.22;23327.23;477;757;722;3;0;0;Plank
200.65;826.32;535.3;2790.29;4899.88;6451.81;392;592;657;0;0;0;Plank
255.98;799.23;534.92;5466.18;7232.05;4865.44;256;474;401;0;0;0;Plank
329.78;766.2;549.98;1175.47;628.49;783.15;178;126;110;0;0;0;Plank
-325.58;517.95;743.52;58887.78;67779.95;27138.38;861;1062;821;1;2;0;Plank
-557.72;319.28;802.5;57.77;166.07;74.12;35;70;49;0;0;0;Plank
-553.4;315.98;808.57;4.41;7.62;4.55;9;16;11;0;0;0;Plank
-553.48;316.12;808.5;7.82;11.54;9.58;14;17;15;0;0;0;Plank
-570.52;312.88;797.28;73.25;315.44;185.54;63;131;110;0;0;0;Plank
-541.65;358.28;795.95;525.29;1014.77;64.38;80;105;43;0;0;0;Plank
-435.52;455.42;799.12;6979.32;9277.78;3402.07;307;363;269;0;0;0;Plank
-414.08;418.33;843.98;1173.81;1189.49;961.18;180;206;198;0;0;0;Plank
-348.18;692.72;621.18;10896.38;13835.67;19348.78;395;527;460;0;0;0;Plank
-502.48;402.18;754.45;69776.52;24189.72;12907.65;1066;651;476;1;0;0;Plank
-50.45;310.62;950.02;26803.75;7588.54;12754.68;762;455;704;3;0;0;Plank
-124.63;387.02;948.57;502.0;1710.75;1426.88;100;182;188;0;0;0;Plank
-90.15;403.42;944.62;109.69;903.61;311.7;53;179;128;0;0;0;Plank
-85.68;415.32;939.1;234.18;505.15;371.79;85;117;121;0;0;0;Plank
-80.93;414.12;940.2;27.23;39.8;11.63;27;37;17;0;0;0;Plank
-79.53;438.38;927.93;22.78;121.57;28.6;23;48;22;0;0;0;Plank
-78.45;451.42;921.2;15.51;55.98;4.73;15;59;10;0;0;0;Plank
-78.3;458.32;917.17;19.54;16.25;3.17;24;19;9;0;0;0;Plank
-77.38;462.22;915.3;15.44;18.67;3.44;20;20;9;0;0;0;Plank
-74.2;490.07;898.67;255.63;1537.06;799.19;109;180;196;0;0;0;Plank
-77.07;491.13;897.97;95.56;749.25;167.67;65;123;66;0;0;0;Plank
-82.28;468.28;911.73;34.94;403.54;122.1;34;119;90;0;0;0;Plank
-127.97;390.8;931.37;10425.87;21090.73;6477.5;483;692;435;2;0;0;Plank
-154.3;71.15;1009.93;16613.61;19020.63;3864.86;434;620;350;2;3;0;Plank
-71.28;-541.23;875.13;7445.24;15712.98;7914.95;352;708;427;18;0;0;Plank
-208.73;-768.88;644.17;7049.13;4685.34;3693.64;365;433;324;0;0;0;Plank
-323.05;-905.03;346.55;12568.51;9771.43;14793.81;674;513;665;2;0;0;Plank
20.53;-930.5;311.92;48995.62;5401.42;27041.64;706;478;629;1;0;4;Plank
100.45;-910.1;439.67;421.98;2993.06;17451.39;148;243;475;0;0;0;Plank
88.08;-866.78;551.1;61.61;99.04;134.86;48;60;73;0;0;0;Plank
78.22;-856.62;569.22;54.97;105.87;358.0;31;38;78;0;0;0;Plank
55.7;-930.67;238.97;11856.84;8815.16;109550.67;512;384;976;5;0;5;Plank
-75.95;-989.02;-177.52;1695.38;966.05;2926.72;219;161;242;3;0;0;Plank
-93.17;-1003.95;-19.27;3376.61;3524.68;17098.56;306;246;559;4;0;11;Plank
-56.42;-1001.92;-70.82;9491.61;6676.31;6051.15;406;442;389;10;0;9;Plank
-61.65;-1015.13;28.53;799.29;1554.85;2148.52;175;290;253;2;0;13;Plank
20.83;-1011.6;37.75;10828.01;5537.87;15570.12;504;350;727;13;0;19;Plank
-436.18;-845.28;-273.87;50174.08;19351.47;39904.42;806;661;1051;0;0;5;Plank
-313.48;-936.52;-154.93;32687.75;9011.55;24776.53;644;492;697;0;0;8;Plank
130.37;-963.8;194.92;15167.93;4273.23;36011.61;541;330;684;10;0;6;Plank
-85.22;-846.25;575.4;3260.07;5493.59;9529.97;265;332;336;4;0;0;Plank
-37.17;-775.26;686.13;54.4;61.76;83.85;29;33;41;0;0;0;Plank
159.73;-45.8;231.2;21737.76;14162.66;27440.03;475;512;638;3;8;2;SquatJack
-7.78;207.4;75.75;6838.24;87148.91;27137.85;381;1285;590;11;5;6;SquatJack
150.43;21.15;47.13;5286.51;16033.59;18541.15;360;519;582;0;9;10;SquatJack
21.32;-81.17;45.03;16674.65;81952.67;27029.87;449;899;519;5;3;5;SquatJack
62.03;-7.93;-47.97;12891.8;93855.93;31096.47;517;1624;1015;11;7;12;SquatJack
11.0;3.35;-15.47;3064.33;3096.59;3545.58;227;228;223;7;12;12;SquatJack
36.28;-48.75;50.03;4022.7;21238.92;23028.27;253;642;500;9;6;5;SquatJack
10.35;61.15;-46.85;1395.53;2552.66;1468.33;134;244;176;3;9;3;SquatJack
-11.72;41.07;52.58;5196.57;6103.16;9188.78;292;338;355;6;4;5;SquatJack
10.63;5.58;-64.48;594.2;3657.11;2552.48;105;252;266;12;14;1;SquatJack
57.22;4.1;-83.03;1611.44;2394.66;1382.53;176;190;155;2;13;0;SquatJack
84.75;30.83;77.07;1727.15;1536.21;7924.26;152;154;341;0;15;5;SquatJack
17.55;-20.92;145.25;673.91;2933.38;8747.35;124;242;275;10;17;0;SquatJack
27.83;33.92;2.3;332.57;561.31;1475.71;92;113;157;4;11;9;SquatJack
14.32;-2.42;-29.12;729.58;1002.28;3124.17;107;142;243;5;15;3;SquatJack
14.42;0.23;-52.98;346.48;3257.95;2621.98;75;272;230;13;15;5;SquatJack
32.63;-6.02;-59.63;832.0;1638.62;1548.93;134;207;217;6;11;2;SquatJack
81.85;21.43;-24.8;998.79;6054.08;3891.23;133;335;316;0;12;7;SquatJack
21.22;-7.82;199.37;1680.54;3542.45;4570.33;166;257;232;13;18;0;SquatJack
41.27;2.22;21.02;497.23;2113.27;1952.92;99;204;205;3;14;12;SquatJack
20.7;9.47;-51.9;217.91;1035.85;1469.69;55;151;154;3;20;6;SquatJack
13.97;-6.95;-13.43;499.67;2296.95;3189.68;111;201;232;10;14;8;SquatJack
24.77;-7.48;-78.07;734.75;1109.68;1574.0;98;171;189;8;13;0;SquatJack
74.95;6.32;-38.43;749.95;4016.98;2030.65;119;233;186;0;6;4;SquatJack
69.58;-6.68;168.35;3148.94;3943.02;15216.66;196;268;404;3;11;3;SquatJack
30.13;-6.82;65.62;375.22;1587.98;1931.1;81;192;245;4;17;2;SquatJack
35.78;7.87;-34.48;203.64;818.08;1463.75;63;126;161;0;18;5;SquatJack
18.23;-10.93;-14.25;561.81;1173.56;709.82;109;159;120;9;15;9;SquatJack
11.32;-3.92;-40.18;337.28;1311.01;2116.05;79;174;171;7;14;4;SquatJack
38.95;-32.9;-57.63;1355.38;4499.02;3458.53;168;406;255;8;7;6;SquatJack
137.58;34.15;-42.42;1473.28;1093.83;3077.51;170;148;255;0;9;9;SquatJack
54.63;-1.98;231.48;3232.73;3386.05;4901.62;202;286;276;8;15;0;SquatJack
48.87;10.0;24.38;438.65;1192.0;3903.94;87;127;252;0;19;12;SquatJack
31.73;-9.23;-9.68;216.86;786.38;2112.72;75;130;207;3;14;10;SquatJack
22.07;0.13;-28.18;280.76;1086.12;1269.95;73;156;152;6;21;11;SquatJack
16.4;-15.6;-34.08;361.24;1524.31;1249.61;84;161;149;9;11;9;SquatJack
14.62;-12.32;-35.62;449.54;1878.15;1325.34;106;174;141;15;14;10;SquatJack
77.38;-2.87;-48.17;805.84;7009.18;2516.54;123;410;241;0;12;3;SquatJack
55.77;0.8;108.55;2130.81;11186.89;6804.35;182;468;401;5;14;2;SquatJack
18.97;-13.5;101.02;623.73;1758.12;8288.48;107;180;350;5;14;7;SquatJack
37.43;9.02;-12.25;257.35;1654.15;1630.19;87;184;174;0;15;15;SquatJack
19.85;-7.13;-26.67;228.49;1104.25;2034.36;70;153;198;8;14;5;SquatJack
11.1;-23.63;-34.97;282.82;634.03;2435.93;64;115;220;11;8;10;SquatJack
33.53;-22.2;-48.15;601.42;1595.53;1296.76;105;168;163;4;12;7;SquatJack
44.82;-7.13;-9.68;1278.58;6967.02;6534.08;148;370;313;8;14;9;SquatJack
63.32;14.98;91.28;2315.02;6592.72;17635.84;211;378;457;3;20;5;SquatJack
29.02;2.48;106.83;611.15;1908.52;19081.11;122;205;457;7;17;9;SquatJack
38.38;-9.48;-26.8;316.2;1370.28;1044.03;85;162;134;0;15;7;SquatJack
19.28;-7.18;-15.18;223.4;688.05;1094.85;66;123;134;7;10;11;SquatJack
18.33;-21.97;-69.42;626.06;1450.27;882.61;97;171;134;10;9;0;SquatJack
71.1;-14.0;-60.05;1447.39;5226.53;1594.21;185;350;163;0;11;2;SquatJack
75.93;-9.55;109.48;2648.33;6541.78;11543.95;228;309;404;4;11;7;SquatJack
28.63;-36.48;107.28;739.1;3820.15;9664.47;118;300;350;6;12;5;SquatJack
38.2;12.43;-42.25;420.03;4064.81;2596.95;73;240;225;3;12;9;SquatJack
22.07;-14.0;-18.6;154.66;2001.83;1168.14;56;205;144;4;14;8;SquatJack
13.33;-16.62;-29.4;1235.12;5492.27;9210.67;192;375;434;11;14;6;SquatJack
-2.3;5.25;17.8;1350.24;20364.59;14817.29;187;819;552;14;12;11;SquatJack
36.6;-39.17;-79.6;2205.44;5496.81;7772.47;212;393;413;6;12;7;SquatJack
96.6;4.65;-3.62;1264.54;3330.93;7985.17;152;301;456;0;22;17;SquatJack
20.23;-11.87;182.72;1464.38;2464.65;10921.54;161;264;384;12;20;3;SquatJack
35.42;-6.03;12.25;513.41;707.07;3245.75;90;104;238;8;14;9;SquatJack
23.05;-5.52;-56.45;767.08;1579.08;7469.18;109;198;402;8;16;9;SquatJack
13.18;-6.28;-11.65;180.85;620.27;915.59;54;97;112;9;13;10;SquatJack
21.35;-35.02;-42.1;179.19;605.85;361.12;50;97;84;4;8;0;SquatJack
81.23;19.5;-43.68;1259.38;1302.55;3413.98;150;155;244;0;17;10;SquatJack
74.95;9.28;97.53;1734.51;5589.8;7118.98;196;354;303;3;15;10;SquatJack
11.93;-21.57;3.62;1995.36;4363.28;10451.0;186;305;433;15;17;6;SquatJack
22.07;-3.15;118.6;836.73;1059.93;6154.17;116;169;298;8;18;2;SquatJack
44.57;14.17;7.92;426.78;2814.44;2477.34;94;228;250;2;16;13;SquatJack
37.68;-3.75;-22.65;282.68;1012.39;1758.89;68;170;187;0;13;10;SquatJack
25.82;-19.92;-61.45;434.28;1058.31;1611.61;85;147;169;4;15;1;SquatJack
72.67;-32.18;-68.43;1316.02;3632.18;3436.85;179;293;276;2;9;5;SquatJack
109.93;34.65;35.48;1227.9;8263.53;8976.08;157;387;503;0;15;6;SquatJack
17.78;-15.28;183.75;1349.37;3179.24;19805.32;163;267;494;14;14;2;SquatJack
42.18;3.83;-7.13;222.92;922.77;1349.78;69;142;148;0;15;8;SquatJack
29.67;-5.23;-32.08;309.79;688.41;920.54;82;100;120;3;17;5;SquatJack
21.2;-28.9;-37.92;203.09;824.26;1918.04;54;148;164;4;5;6;SquatJack
33.97;-24.7;-36.77;304.3;735.91;1547.11;75;112;172;0;9;9;SquatJack
40.17;14.32;-9.2;1791.74;4520.48;1632.96;167;317;218;5;11;18;SquatJack
55.73;-10.28;51.42;1557.2;9149.7;13662.78;161;369;458;6;15;9;SquatJack
30.28;-27.63;137.35;1242.97;1349.63;16648.09;160;164;457;9;8;3;SquatJack
43.85;5.7;-40.48;403.73;1100.94;722.35;87;174;117;0;15;6;SquatJack
27.0;-13.92;-36.78;347.93;1020.81;373.0;90;118;93;2;5;3;SquatJack
28.13;-31.07;-47.13;378.62;1344.13;868.45;99;136;128;1;5;2;SquatJack
27.17;7.87;15.98;897.74;2945.25;2861.88;153;217;247;6;10;10;SquatJack
12.18;7.12;-14.48;3261.85;7169.94;13450.78;346;416;471;13;16;9;SquatJack
91.33;-16.78;20.12;2690.79;4230.44;23328.64;259;297;592;2;18;5;SquatJack
40.0;-22.0;165.02;961.37;3655.07;21041.45;124;234;427;3;12;4;SquatJack
58.82;16.58;-17.2;118.85;1327.48;1299.06;50;151;137;0;14;10;SquatJack
21.43;-24.92;-75.25;5610.45;2184.21;570.62;303;197;150;1;7;0;SquatJack
-17.08;18.6;-58.52;1922.18;15160.67;7104.12;206;599;467;17;11;4;SquatJack
97.67;-35.47;86.15;16392.46;30206.85;17134.53;637;933;838;6;11;10;SquatJack
18.97;3.17;-10.77;3072.07;3481.91;2579.71;198;270;189;3;8;2;SquatJack
27.38;105.72;-11.12;3779.07;67558.37;58856.54;244;1053;1005;8;4;2;SquatJack
147.6;40.57;196.9;11937.61;28711.78;12150.96;381;597;374;5;5;0;SquatJack
0.42;-4.82;-41.45;9060.08;14954.25;13324.25;476;782;504;6;5;4;SquatJack
13.37;8.38;7.07;263.33;543.57;633.03;57;105;99;11;13;5;SquatJack
6.6;-5.83;4.57;196.64;586.77;521.18;94;131;135;11;17;13;SquatJack
1.82;-1.85;4.62;144.72;399.89;279.67;112;156;125;28;17;13;SquatJack
-0.05;-1.3;5.2;251.08;239.38;323.23;119;69;103;19;13;13;SquatJack
0.95;0.63;4.97;81.55;74.0;36.93;44;52;27;9;18;11;SquatJack
28.2;-82.13;217.87;12052.53;23533.32;27239.42;623;723;547;9;6;0;SquatJack
-88.65;259.32;7.05;42177.93;36427.72;47656.21;725;744;860;5;2;4;SquatJack
346.18;52.55;179.32;135186.18;95344.25;45269.32;1213;1133;961;1;4;5;SquatJack
-175.58;-8.77;-8.63;17316.48;8601.68;17735.97;425;368;561;6;9;7;SquatJack
6.37;8.68;33.98;2267.1;5682.15;2943.75;182;364;261;4;8;12;SquatJack
-40.2;-73.22;-0.22;290060.26;72617.77;63718.67;1609;1085;1097;1;5;5;SquatJack
91.27;129.93;121.48;16731.16;39756.86;35350.98;588;817;1089;5;4;4;SquatJack
-33.2;-20.38;-50.63;4961.29;6670.44;2913.33;239;326;247;6;7;6;SquatJack
22.27;8.25;20.9;18320.16;9172.19;18965.99;497;371;548;8;8;6;SquatJack
40.7;-35.05;-32.15;5636.94;8312.61;12043.36;280;468;422;7;5;6;SquatJack
311.88;62.4;6.83;16659.54;35384.47;105732.84;471;771;1139;0;7;1;SquatJack
9.28;41.07;270.32;3917.0;9398.96;75903.12;314;487;853;17;8;2;SquatJack
57.02;-4.82;-29.68;2061.25;6412.38;1550.32;189;403;162;7;15;14;SquatJack
33.02;-5.58;-8.93;1296.95;2144.28;1440.73;144;180;145;8;13;11;SquatJack
32.65;-21.87;-42.95;4094.93;5087.38;3357.65;222;344;212;12;15;9;SquatJack
103.07;-63.28;-115.73;9498.56;5860.27;6968.9;331;377;316;6;8;2;SquatJack
138.05;94.03;247.5;30382.15;12420.13;83632.65;614;433;1037;7;7;2;SquatJack
19.78;37.18;48.93;3018.4;4835.95;19748.46;297;292;530;7;11;9;SquatJack
42.05;-0.65;-18.37;717.78;1325.19;1258.93;123;165;184;2;20;13;SquatJack
30.42;-15.95;-35.17;806.31;4390.51;2340.01;125;259;234;8;14;7;SquatJack
59.05;-62.95;-72.87;4670.91;5316.01;5449.48;291;257;288;4;12;3;SquatJack
208.7;58.5;34.47;8823.08;27691.42;52616.88;414;630;773;0;9;3;SquatJack
-20.48;40.73;222.83;5379.35;3739.26;67130.71;247;289;808;8;12;5;SquatJack
43.08;0.47;-30.38;2956.91;4234.05;1376.6;240;254;140;11;12;7;SquatJack
38.68;-18.1;-15.93;2268.62;3357.12;2721.73;208;250;278;8;10;10;SquatJack
33.33;-29.95;-56.02;1026.39;5561.61;5581.25;133;305;289;8;12;10;SquatJack
245.52;-24.68;-143.05;13494.25;17520.38;5854.48;533;627;321;2;9;3;SquatJack
90.17;31.45;386.88;25614.74;22051.95;61553.64;565;537;825;4;13;0;SquatJack
39.97;-2.58;-14.78;1485.43;5759.31;3689.87;157;347;280;9;18;12;SquatJack
48.07;17.65;-38.45;1732.4;4386.76;3904.55;176;230;223;7;9;9;SquatJack
32.97;-21.42;-44.6;1834.1;12928.34;3389.84;198;457;271;11;11;12;SquatJack
164.15;-85.13;-144.53;13370.26;21532.42;9494.35;412;776;357;2;9;3;SquatJack
76.45;91.77;343.4;36790.41;24931.68;63046.71;670;648;965;4;11;3;SquatJack
39.82;21.47;0.58;3250.28;6129.85;7594.44;295;358;407;10;14;9;SquatJack
38.22;20.33;-23.55;2365.47;4496.79;3793.98;231;277;259;8;17;7;SquatJack
46.03;-40.93;-58.83;9647.77;10818.96;10055.31;447;417;472;10;10;11;SquatJack
130.5;-72.25;-111.5;7746.12;8446.45;4325.25;358;401;230;2;9;4;SquatJack
80.02;89.1;252.72;17564.52;25704.02;56188.37;597;557;862;5;9;5;SquatJack
7.77;25.58;15.57;3050.51;6777.61;6429.31;229;431;389;10;13;16;SquatJack
30.65;-4.57;-6.9;2300.43;3617.18;2503.99;200;279;228;12;16;13;SquatJack
47.13;-29.53;-14.82;2487.65;5251.78;2012.02;209;307;218;9;11;16;SquatJack
76.35;-77.67;-104.6;3567.53;5804.56;4136.04;254;307;277;4;9;2;SquatJack
207.03;92.83;51.25;13923.2;15045.21;68515.42;435;494;841;1;9;5;SquatJack
0.95;0.0;199.95;8038.98;23422.57;60125.31;367;710;876;14;13;7;SquatJack
41.47;14.22;-20.78;933.72;5355.4;3161.14;110;313;219;8;15;18;SquatJack
47.33;-24.07;-32.02;2095.92;4511.6;4572.38;221;254;359;7;17;11;SquatJack
61.4;-50.85;-117.7;16300.21;7177.39;10334.98;522;351;425;9;12;7;SquatJack
246.82;16.43;78.42;16789.35;15901.18;78264.21;544;522;967;2;11;3;SquatJack
3.43;20.33;178.53;9304.38;14496.49;73145.02;412;529;928;10;14;5;SquatJack
34.6;-2.63;-16.83;1643.57;4335.87;3357.14;203;288;279;8;13;11;SquatJack
41.08;-20.95;-28.63;2535.74;4558.31;2442.7;222;291;268;8;11;12;SquatJack
54.03;-63.75;-86.35;5161.97;6385.49;5423.63;281;333;323;11;12;5;SquatJack
202.38;46.9;-4.62;9996.24;14846.82;56915.97;424;585;1081;4;11;5;SquatJack
-15.87;36.85;227.28;12987.68;30502.93;58251.14;568;878;905;12;16;8;SquatJack
50.8;-7.35;-38.7;1032.33;4459.69;3918.18;156;280;274;3;17;10;SquatJack
22.45;-17.78;-32.07;1753.31;3679.34;2330.36;189;274;244;11;13;10;SquatJack
31.35;-34.52;-56.27;2817.36;4164.25;2103.6;238;268;212;9;9;7;SquatJack
272.0;14.85;-33.68;13001.5;19300.99;81344.22;484;564;961;1;8;3;SquatJack
4.7;50.35;272.62;9318.08;18579.56;92180.6;341;622;1072;13;16;7;SquatJack
49.63;-1.78;-39.95;1405.5;11858.94;3033.68;174;385;262;5;13;12;SquatJack
39.63;-7.25;-43.63;2320.93;11895.22;2582.83;221;423;234;7;11;10;SquatJack
48.93;-53.18;-58.25;6622.63;7262.55;4396.85;364;344;320;5;9;5;SquatJack
255.98;20.13;3.25;17185.75;31111.38;103798.39;534;790;1115;2;13;5;SquatJack
-9.37;44.43;231.27;12795.47;17510.45;96958.8;489;537;1008;8;15;8;SquatJack
42.05;-24.57;-38.03;3834.95;4745.35;4700.83;309;265;299;9;10;9;SquatJack
20.6;15.73;-31.77;981.61;4862.3;1115.55;159;373;158;8;10;9;SquatJack
65.07;-78.45;-85.05;4387.66;13694.75;7526.28;296;683;398;4;7;7;SquatJack
233.93;44.48;55.58;14833.0;28046.75;114917.54;560;739;1206;2;12;1;SquatJack
-4.18;17.03;159.4;5543.48;26946.67;73485.77;325;769;1018;10;13;14;SquatJack
20.0;3.37;-14.45;1430.9;4065.6;5024.55;163;284;288;13;15;14;SquatJack
27.97;-4.32;-26.12;2080.2;5746.25;2090.8;184;322;231;13;11;15;SquatJack
27.75;-20.42;-25.87;3747.05;8401.94;3834.02;236;425;305;9;12;10;SquatJack
72.43;-60.25;-99.0;3901.21;23406.82;6272.3;254;704;362;8;10;7;SquatJack
118.45;36.18;158.18;23213.81;78578.38;73891.88;630;1409;937;8;12;9;SquatJack
15.53;24.17;72.4;8279.65;26877.11;39904.21;387;654;859;13;15;11;SquatJack
31.1;-6.25;-22.73;2099.52;9735.65;1873.2;192;421;187;14;13;12;SquatJack
32.95;-17.92;-24.55;2843.11;3279.34;6672.28;222;326;372;10;14;14;SquatJack
43.97;-45.77;-61.78;4607.7;10033.85;2576.5;278;477;195;12;13;13;SquatJack
50.33;7.35;-56.23;7809.79;10405.69;20966.71;311;426;584;9;15;10;SquatJack
111.28;29.27;200.75;21542.2;38320.8;94340.75;560;845;1017;7;14;7;SquatJack
12.07;9.95;22.53;5800.4;40790.05;20399.55;315;988;564;16;16;13;SquatJack
35.28;-7.97;-9.15;2273.74;14855.13;6527.76;194;552;519;12;16;9;SquatJack
14.72;-19.58;-30.95;3034.4;5319.34;2572.61;192;258;193;9;12;16;SquatJack
-82.65;-62.85;-105.27;36415.06;31791.39;37162.6;1003;679;832;5;6;9;SquatJack
259.93;61.1;123.83;69634.4;11165.92;29478.24;824;437;655;1;10;1;SquatJack
130.05;148.27;100.63;12385.85;30892.86;16053.33;411;623;555;2;3;1;SquatJack
140.2;-119.22;233.05;4853.06;14130.1;21225.08;545;618;438;1;5;0;SquatJack
-58.38;34.05;1.97;4139.94;14154.18;8670.33;379;954;393;7;12;5;SquatJack
75.58;-45.88;16.25;1096.71;10143.57;5719.05;118;350;251;0;3;2;SquatJack
25.93;16.33;9.95;921.06;2271.12;7506.85;206;215;332;7;7;8;SquatJack
-22.45;26.18;-21.78;2892.38;8490.42;6453.17;214;359;366;5;9;4;SquatJack
-25.45;11.87;-44.98;1678.15;7827.58;7896.38;132;294;321;2;1;2;SquatJack
-49.12;31.5;41.82;3154.94;3784.22;5540.38;465;274;298;4;10;6;SquatJack
-12.72;15.42;28.93;2587.87;2166.48;1484.93;190;208;190;12;9;7;SquatJack
-26.4;29.13;-2.92;1766.37;2221.75;3522.94;138;167;204;4;3;4;SquatJack
-42.0;16.98;-61.23;2939.1;2127.78;4993.81;185;219;258;4;7;4;SquatJack
-1.75;-15.7;17.45;1810.75;6788.91;3587.05;182;347;279;5;5;8;SquatJack
-15.67;78.93;64.32;8807.89;70377.46;26203.65;353;904;567;4;2;2;SquatJack
-10.48;-8.6;52.35;9800.85;10434.57;15565.33;401;420;497;5;12;8;SquatJack
23.22;45.48;-28.92;10153.14;16178.35;35098.81;430;617;900;8;9;8;SquatJack
63.78;-31.67;23.52;145218.57;32556.42;55550.68;2163;894;1141;7;11;8;SquatJack
-15.18;98.92;69.25;53431.78;29183.54;30000.95;827;696;673;6;11;11;SquatJack
-51.18;36.1;39.88;16828.75;15990.72;5378.47;498;451;320;4;4;13;SquatJack
28.3;-0.55;-25.55;4833.54;4412.01;15790.65;294;301;443;8;10;7;SquatJack
45.62;-24.47;-62.38;6356.34;14387.05;6325.77;297;530;327;4;7;8;SquatJack
227.03;75.12;-17.5;4833.17;13970.44;21745.65;254;454;565;0;7;1;SquatJack
-14.13;23.22;328.88;16207.35;12524.3;14949.6;486;429;477;4;12;0;SquatJack
80.02;10.32;5.25;3519.75;2764.48;5098.75;265;209;280;4;16;14;SquatJack
39.47;28.9;-30.07;1900.05;2999.46;3236.8;167;258;241;8;10;11;SquatJack
30.42;-13.45;-36.18;1727.71;3797.95;2306.82;204;306;184;6;10;12;SquatJack
107.58;-48.12;-129.63;3574.11;3564.34;1121.13;261;300;145;0;4;0;SquatJack
219.0;110.08;167.9;15194.1;11985.14;61677.69;486;448;845;1;8;5;SquatJack
16.85;10.95;226.87;5579.86;6050.51;43198.12;246;285;704;5;10;4;SquatJack
82.1;23.95;-50.92;2551.29;3521.31;7500.84;215;290;402;1;11;9;SquatJack
13.72;18.92;-27.08;6766.24;7923.38;32843.61;337;396;753;7;13;9;SquatJack
48.5;-20.97;-74.63;3301.05;4689.0;10103.07;244;306;445;7;13;14;SquatJack
228.65;-0.07;-102.2;6394.46;18362.73;9640.09;312;654;470;0;11;9;SquatJack
76.47;0.25;395.17;24488.72;20418.02;26981.94;558;554;745;8;14;2;SquatJack
99.08;33.92;1.57;4158.41;3858.71;8921.78;257;245;364;4;13;5;SquatJack
52.23;-3.35;-50.38;2988.61;4615.63;1374.74;236;281;151;8;15;4;SquatJack
32.57;-15.92;-39.72;1118.95;3336.94;2575.6;166;222;212;5;8;10;SquatJack
115.47;-68.25;-108.08;6043.65;6011.39;10800.48;244;406;468;3;4;8;SquatJack
264.07;45.62;115.27;6505.96;13029.14;48437.06;356;473;802;0;12;3;SquatJack
4.15;-15.22;242.7;4038.79;13828.27;40237.64;279;487;685;11;12;3;SquatJack
82.22;0.88;5.7;3466.3;6424.5;3322.44;250;298;294;4;14;14;SquatJack
63.77;-0.23;-67.58;2242.51;3194.85;2554.11;237;264;207;4;15;6;SquatJack
53.48;-51.97;-91.35;4461.58;7573.5;7977.76;325;383;351;10;9;6;SquatJack
259.45;30.98;-81.63;7922.68;19332.95;8965.87;372;630;432;0;9;5;SquatJack
92.0;-47.9;370.28;18964.7;20864.06;41454.1;483;601;711;6;9;2;SquatJack
77.27;24.4;20.17;6607.93;13621.14;10523.84;412;525;447;8;10;14;SquatJack
47.12;-2.92;-62.4;6545.1;5978.71;3743.54;334;325;277;7;13;9;SquatJack
44.58;-33.33;-26.27;7085.74;4249.52;4395.5;331;283;268;7;8;11;SquatJack
123.57;-63.43;-123.82;5137.01;8143.08;1999.42;273;309;180;0;6;0;SquatJack
242.92;67.95;137.52;10365.21;33116.88;44946.38;425;827;785;0;13;7;SquatJack
16.23;-29.78;248.32;5821.48;7225.0;57512.15;298;396;888;6;12;4;SquatJack
76.33;7.13;-40.0;3096.49;4784.82;8099.23;194;316;404;7;14;11;SquatJack
36.18;-4.42;-40.2;2108.35;4305.38;2676.16;179;308;232;10;13;12;SquatJack
35.82;-23.4;-41.05;2526.95;3578.44;3713.65;220;313;237;7;10;7;SquatJack
155.45;-46.77;-143.6;9342.91;15919.11;6276.74;350;521;315;0;6;0;SquatJack
205.33;14.35;326.68;35553.59;25196.39;82487.15;571;654;937;5;14;5;SquatJack
64.32;-7.95;82.03;3275.85;3408.45;13268.67;250;268;538;7;12;7;SquatJack
86.4;4.57;-69.0;2691.64;7280.15;7245.63;223;363;362;3;12;8;SquatJack
33.57;-19.22;-18.8;4331.98;3087.34;6830.43;290;246;453;10;12;13;SquatJack
84.75;-37.58;-147.67;6260.45;7685.88;13009.02;315;361;480;6;8;4;SquatJack
279.1;3.43;109.7;10140.69;8893.91;79337.14;386;435;967;0;13;5;SquatJack
19.93;-10.33;233.95;6087.6;5452.42;78118.68;286;317;930;5;12;8;SquatJack
89.83;-6.48;-30.83;918.93;2780.6;8329.27;103;225;258;0;5;5;SquatJack
